driver_code,meeting_key,session_key,driver_number,lap_number,date_start,duration_sector_1,duration_sector_2,duration_sector_3,i1_speed,i2_speed,is_pit_out_lap,lap_duration,segments_sector_1,segments_sector_2,segments_sector_3,st_speed,clean
NOR,1290,11334,1,1,2026-07-19T13:03:52.073000+00:00,35.663,55.081,49.3,319.0,200,False,140.044,"[2048, 2049, 2049, 2049, 2049, 2049, 2049, 2049]","[2049, 2049, 2049, 2049, 2049, 2049, 2049, 2049, 2049, 2049, 2049, 2049]","[2049, 2049, 2049, 2049, 2051, 2049, 2049, 2049]",290.0,False
NOR,1290,11334,1,2,2026-07-19T13:06:12.116000+00:00,41.849,74.702,46.687,183.0,81,False,163.238,"[2049, 2048, 2048, 2048, 2048, 2048, 2048, 2048]","[2048, 2048, 2048, 2049, 2049, 2049, 2048, 2048, 2048, 2048, 2048, 2048]","[2048, 2049, 2049, 2051, 2051, 2048, 2048, 2048]",237.0,False
NOR,1290,11334,1,3,2026-07-19T13:08:55.414000+00:00,39.812,74.837,42.619,157.0,138,False,157.268,"[2048, 2048, 2048, 2048, 2048, 2048, 2048, 2048]","[2048, 2048, 2048, 2048, 2048, 2048, 2048, 2049, 2048, 2048, 2048, 2048]","[2048, 2048, 2048, 2048, 2048, 2048, 2049, 2048]",265.0,False
NOR,1290,11334,1,4,2026-07-19T13:11:32.692000+00:00,44.011,67.867,46.299,258.0,137,False,158.177,"[None, 2048, 2048, 2048, 2048, 2048, 2048, 2048]","[2048, 2049, 2048, 2048, 2048, 2048, 2048, 2048, 2048, 2048, 2048, 2048]","[2048, 2048, 2048, 2049, 2049, 2048, 2049, 2049]",252.0,False
NOR,1290,11334,1,5,2026-07-19T13:14:11.015000+00:00,31.008,52.469,29.57,322.0,203,False,113.047,"[2049, 2049, 2049, 2049, 2051, 2051, 2048, 2048]","[2048, 2048, 2049, 2049, 2048, 2049, 2049, 2049, 2049, 2049, 2049, 2049]","[2049, 2049, 2049, 2051, 2051, 2049, 2048, 2048]",310.0,True
NOR,1290,11334,1,6,2026-07-19T13:16:03.855000+00:00,31.363,51.464,29.845,311.0,204,False,112.672,"[2048, 2049, 2048, 2048, 2048, 2048, 2048, 2048]","[2049, 2048, 2048, 2049, 2048, 2049, 2049, 2049, 2049, 2049, 2048, 2049]","[2048, 2048, 2048, 2048, 2048, 2049, 2048, 2048]",302.0,True
NOR,1290,11334,1,7,2026-07-19T13:17:56.652000+00:00,31.351,50.581,29.175,318.0,202,False,111.107,"[None, 2049, 2048, 2048, 2048, 2048, 2048, 2048]","[2049, 2049, 2049, 2049, 2048, 2049, 2049, 2049, 2049, 2048, 2048, 2048]","[2049, 2049, 2049, 2048, 2048, 2049, 2048, 2048]",,True
NOR,1290,11334,1,8,2026-07-19T13:19:47.753000+00:00,31.914,50.703,29.277,312.0,202,False,111.894,"[None, 2048, 2048, 2048, 2048, 2048, 2048, 2048]","[2048, 2048, 2049, 2049, 2048, 2049, 2048, 2048, 2048, 2049, 2049, 2049]","[2049, 2048, 2048, 2048, 2048, 2049, 2048, 2048]",296.0,True
NOR,1290,11334,1,9,2026-07-19T13:21:39.665000+00:00,31.209,51.05,29.208,323.0,201,False,111.467,"[None, 2048, 2048, 2048, 2048, 2048, 2048, 2048]","[2048, 2048, 2048, 2048, 2048, 2048, 2048, 2048, 2048, 2048, 2048, 2048]","[2048, 2049, 2048, 2048, 2048, 2049, 2048]",305.0,True
NOR,1290,11334,1,10,2026-07-19T13:23:30.999000+00:00,31.902,50.312,29.428,312.0,200,False,111.642,"[None, 2048, 2048, 2048, 2048, 2048, 2048, 2048]","[2049, 2048, 2048, 2049, 2048, 2048, 2048, 2048, 2048, 2049, 2048, 2048]","[2049, 2049, 2048, 2048, 2048, 2048, 2048, 2048]",296.0,True
NOR,1290,11334,1,11,2026-07-19T13:25:22.962000+00:00,31.517,51.476,29.811,326.0,201,False,112.804,"[None, 2048, 2048, 2048, 2048, 2048, 2048, 2048]","[2048, 2048, 2049, 2048, 2048, 2048, 2048, 2048, 2048, 2048, 2048, 2048]","[2048, 2048, 2048, 2048, 2048, 2048, 2048, 2048]",308.0,True
NOR,1290,11334,1,12,2026-07-19T13:27:15.504000+00:00,31.309,50.013,29.438,318.0,205,False,110.76,"[None, 2048, 2048, 2048, 2048, 2048, 2048, 2048]","[2049, 2048, 2048, 2048, 2048, 2049, 2048, 2048, 2048, 2049, 2049, 2049]","[2051, 2048, 2048, 2048, 2048, 2049, 2048, 2048]",305.0,True
NOR,1290,11334,1,13,2026-07-19T13:29:06.299000+00:00,31.769,50.215,29.532,307.0,205,False,111.516,"[None, 2049, 2048, 2048, 2048, 2048, 2048, 2048]","[2048, 2049, 2048, 2048, 2049, 2048, 2048, 2048, 2048, 2048, 2048, 2049]","[2051, 2048, 2048, 2048, 2048, 2048, 2048, 2048]",299.0,True
NOR,1290,11334,1,14,2026-07-19T13:30:57.804000+00:00,31.55,49.85,29.543,310.0,203,False,110.943,"[None, 2049, 2048, 2048, 2048, 2048, 2048, 2048]","[2048, 2049, 2048, 2049, 2048, 2049, 2048, 2049, 2048, 2048, 2048, 2048]","[2048, 2048, 2048, 2048, 2048, 2049, 2048, 2048]",301.0,True
NOR,1290,11334,1,15,2026-07-19T13:32:48.800000+00:00,,49.733,29.38,,204,False,110.663,"[2049, 2049, 2048, 2048, 2048, 2048, 2048, 2048]","[2051, 2048, 2048, 2049, 2048, 2048, 2048, 2049, 2048, 2048, 2048, 2049]","[2048, 2048, 2048, 2048, 2048, 2049, 2048, 2048]",300.0,True
NOR,1290,11334,1,16,2026-07-19T13:34:39.418000+00:00,31.602,50.02,29.441,311.0,203,False,111.063,"[2048, 2048, 2048, 2048, 2048, 2048, 2048, 2048]","[2048, 2049, 2048, 2048, 2048, 2048, 2048, 2048, 2048, 2048, 2048, 2048]","[2048, 2048, 2048, 2048, 2048, 2048, 2048, 2048]",,True
NOR,1290,11334,1,17,2026-07-19T13:36:30.461000+00:00,31.639,49.899,29.362,312.0,204,False,110.9,"[None, 2048, 2048, 2048, 2048, 2048, 2048, 2048]","[2048, 2048, 2048, 2048, 2048, 2048, 2048, 2048, 2048, 2048, 2048, 2048]","[2048, 2049, 2048, 2048, 2048, 2048, 2048, 2048]",,True
NOR,1290,11334,1,18,2026-07-19T13:38:21.390000+00:00,31.432,59.733,31.409,316.0,119,False,122.574,"[None, 2048, 2048, 2048, 2048, 2048, 2048, 2048]","[2048, 2048, 2048, 2048, 2048, 2048, 2048, 2048, 2048, 2048, 2048, 2048]","[2048, 2048, 2048, 2048, 2048, 2048, 2048, 2048]",303.0,False
NOR,1290,11334,1,19,2026-07-19T13:40:23.900000+00:00,31.374,50.801,29.286,319.0,198,False,111.461,"[None, 2048, 2048, 2048, 2048, 2048, 2048, 2048]","[2048, 2048, 2048, 2048, 2048, 2048, 2049, 2048, 2049, 2048, 2048, 2048]","[2048, 2051, 2049, 2048, 2048, 2048, 2048, 2048]",306.0,True
NOR,1290,11334,1,20,2026-07-19T13:42:15.404000+00:00,31.996,58.503,39.542,307.0,148,False,130.041,"[None, 2049, 2048, 2048, 2048, 2048, 2048, 2048]","[2048, 2048, 2048, 2048, 2048, 2048, 2048, 2048, 2048, 2048, 2048, 2048]","[2048, 2048, 2048, 2048, 2048, 2048, 2048, 2048]",293.0,False
NOR,1290,11334,1,21,2026-07-19T13:44:25.490000+00:00,42.219,49.455,30.036,246.0,205,False,121.71,"[None, 2048, 2048, 2048, 2048, 2048, 2048, 2048]","[2048, 2048, 2051, 2049, 2048, 2048, 2049, 2049, 2051, 2048, 2048, 2048]","[2048, 2048, 2048, 2048, 2048, 2048, 2048]",269.0,False
NOR,1290,11334,1,22,2026-07-19T13:46:27.045000+00:00,31.42,49.483,29.83,307.0,207,False,110.733,"[2049, 2048, 2048, 2048, 2048, 2048, 2048, 2048]","[2048, 2049, 2048, 2048, 2048, 2048, 2048, 2048, 2048, 2049, 2049, 2049]","[2049, 2048, 2048, 2048, 2048, 2048, 2048, 2048]",299.0,True
NOR,1290,11334,1,23,2026-07-19T13:48:17.858000+00:00,31.45,50.262,29.563,305.0,201,False,111.275,"[2048, 2049, 2048, 2048, 2048, 2048, 2048, 2048]","[2048, 2048, 2048, 2048, 2049, 2048, 2048, 2048, 2048, 2048, 2048, 2048]","[2048, 2048, 2048, 2048, 2048, 2049, 2048, 2048]",301.0,True
NOR,1290,11334,1,24,2026-07-19T13:50:09.197000+00:00,31.13,49.708,29.59,317.0,204,False,110.428,"[None, 2048, 2048, 2048, 2048, 2048, 2048, 2048]","[2048, 2048, 2048, 2048, 2048, 2048, 2048, 2048, 2048, 2048, 2048, 2048]","[2048, 2048, 2048, 2048, 2048, 2048, 2048, 2048]",304.0,True
NOR,1290,11334,1,25,2026-07-19T13:51:59.542000+00:00,31.179,50.188,29.536,312.0,202,False,110.903,"[None, 2048, 2048, 2048, 2048, 2048, 2048, 2048]","[2048, 2048, 2048, 2048, 2048, 2048, 2048, 2048, 2048, 2048, 2048, 2048]","[2048, 2048, 2048, 2048, 2048, 2048, 2048, 2048]",305.0,True
NOR,1290,11334,1,26,2026-07-19T13:53:50.522000+00:00,31.303,50.502,29.262,311.0,200,False,111.067,"[None, 2048, 2048, 2048, 2048, 2048, 2048, 2048]","[2048, 2048, 2048, 2048, 2048, 2048, 2048, 2048, 2048, 2048, 2048, 2048]","[2048, 2048, 2048, 2048, 2048, 2048, 2048, 2048]",302.0,True
NOR,1290,11334,1,27,2026-07-19T13:55:41.521000+00:00,31.405,50.264,29.305,317.0,201,False,110.974,"[None, 2048, 2048, 2048, 2048, 2048, 2048, 2048]","[2049, 2048, 2048, 2048, 2048, 2049, 2048, 2048, 2048, 2048, 2048, 2048]","[2048, 2048, 2048, 2048, 2048, 2048, 2048, 2048]",303.0,True
NOR,1290,11334,1,28,2026-07-19T13:57:32.557000+00:00,31.5,49.88,29.363,312.0,203,False,110.743,"[None, 2048, 2048, 2048, 2048, 2048, 2048, 2048]","[2048, 2048, 2048, 2048, 2048, 2048, 2048, 2048, 2048, 2048, 2048, 2048]","[2048, 2048, 2048, 2048, 2048, 2048, 2048, 2048]",302.0,True
NOR,1290,11334,1,29,2026-07-19T13:59:23.277000+00:00,31.335,51.177,29.284,313.0,205,False,111.796,"[None, 2048, 2048, 2048, 2048, 2048, 2048, 2048]","[2048, 2048, 2048, 2048, 2048, 2048, 2048, 2048, 2048, 2048, 2048, 2048]","[2049, 2048, 2048, 2048, 2048, 2048, 2048, 2048]",305.0,True
NOR,1290,11334,1,30,2026-07-19T14:01:15.073000+00:00,31.142,50.302,33.612,322.0,206,False,115.056,"[None, 2048, 2048, 2048, 2048, 2048, 2048, 2048]","[2048, 2048, 2048, 2048, 2048, 2048, 2048, 2049, 2048, 2048, 2048, 2048]","[2048, 2048, 2048, 2048, 2048, 2048, 2064, 2064]",307.0,True
NOR,1290,11334,1,31,2026-07-19T14:03:10.086000+00:00,51.668,48.943,29.236,314.0,207,True,129.847,"[2064, 2064, 2048, 2048, 2048, 2048, 2048, 2048]","[2048, 2048, 2048, 2048, 2051, 2049, 2051, 2048, 2048, 2049, 2049, 2049]","[2051, 2048, 2048, 2048, 2048, 2048, 2048, 2048]",290.0,False
NOR,1290,11334,1,32,2026-07-19T14:05:19.930000+00:00,31.334,48.87,29.243,310.0,212,False,109.447,"[2048, 2048, 2048, 2048, 2048, 2051, 2048, 2048]","[2048, 2048, 2048, 2048, 2048, 2049, 2048, 2048, 2048, 2048, 2049, 2049]","[2051, 2048, 2048, 2048, 2048, 2048, 2048, 2048]",311.0,True
NOR,1290,11334,1,33,2026-07-19T14:07:09.400000+00:00,31.298,48.783,29.351,308.0,210,False,109.432,"[None, 2049, 2048, 2048, 2048, 2048, 2048, 2048]","[2049, 2048, 2048, 2048, 2048, 2049, 2048, 2049, 2048, 2048, 2048, 2048]","[2048, 2048, 2048, 2048, 2048, 2048, 2048, 2048]",303.0,True
NOR,1290,11334,1,34,2026-07-19T14:08:58.850000+00:00,31.245,48.593,29.479,312.0,209,False,109.317,"[None, 2048, 2048, 2048, 2048, 2048, 2048, 2048]","[2048, 2049, 2048, 2049, 2048, 2049, 2048, 2049, 2048, 2049, 2048, 2048]","[2048, 2048, 2048, 2048, 2048, 2048, 2048, 2048]",304.0,True
NOR,1290,11334,1,35,2026-07-19T14:10:48.171000+00:00,31.074,48.8,29.229,311.0,209,False,109.103,"[None, 2048, 2048, 2048, 2048, 2048, 2048, 2048]","[2048, 2048, 2048, 2048, 2048, 2048, 2048, 2048, 2048, 2048, 2048, 2048]","[2048, 2048, 2048, 2048, 2048, 2049, 2048]",,True
NOR,1290,11334,1,36,2026-07-19T14:12:37.252000+00:00,31.406,48.699,29.249,306.0,207,False,109.354,"[None, 2048, 2048, 2048, 2048, 2048, 2048, 2048]","[2048, 2051, 2048, 2048, 2048, 2051, 2048, 2048, 2048, 2048, 2048, 2048]","[2048, 2048, 2048, 2048, 2048, 2049, 2048, 2048]",302.0,True
NOR,1290,11334,1,37,2026-07-19T14:14:26.659000+00:00,31.315,48.755,29.071,307.0,210,False,109.141,"[None, 2048, 2048, 2048, 2048, 2048, 2048, 2048]","[2048, 2048, 2048, 2048, 2048, 2048, 2048, 2049, 2048, 2048, 2048, 2048]","[2048, 2048, 2048, 2048, 2048, 2049, 2048, 2048]",,True
NOR,1290,11334,1,38,2026-07-19T14:16:15.770000+00:00,31.341,48.745,29.014,,208,False,109.1,"[None, 2048, 2048, 2048, 2048, 2048, 2048, 2048]","[2048, 2048, 2048, 2048, 2048, 2048, 2048, 2048, 2048, 2048, 2048, 2049]","[2048, 2048, 2048, 2048, 2048, 2048, 2048, 2048]",,True
NOR,1290,11334,1,39,2026-07-19T14:18:04.966000+00:00,31.281,48.783,29.058,,210,False,109.122,"[None, 2048, 2048, 2048, 2048, 2048, 2048, 2048]","[2048, 2048, 2048, 2048, 2048, 2048, 2048, 2048, 2048, 2048, 2048, 2048]","[2048, 2048, 2048, 2048, 2048, 2048, 2048, 2048]",304.0,True
NOR,1290,11334,1,40,2026-07-19T14:19:53.934000+00:00,31.289,48.757,29.038,308.0,207,False,109.084,"[None, 2048, 2048, 2048, 2048, 2048, 2048, 2048]","[2048, 2048, 2048, 2048, 2048, 2048, 2048, 2049, 2048, 2048, 2048, 2048]","[2048, 2048, 2048, 2048, 2048, 2048, 2048, 2048]",305.0,True
NOR,1290,11334,1,41,2026-07-19T14:21:43.046000+00:00,31.085,48.786,29.056,311.0,204,False,108.927,"[None, 2048, 2049, 2048, 2049, 2048, 2048, 2048]","[2048, 2048, 2048, 2048, 2048, 2048, 2048, 2049, 2048, 2048, 2048, 2048]","[2048, 2049, 2048, 2048, 2048, 2048, 2048, 2048]",309.0,True
NOR,1290,11334,1,42,2026-07-19T14:23:31.998000+00:00,30.934,49.096,28.874,312.0,204,False,108.904,"[None, 2048, 2049, 2049, 2049, 2048, 2048, 2048]","[2048, 2048, 2048, 2048, 2048, 2048, 2048, 2048, 2048, 2048, 2048, 2048]","[2048, 2049, 2048, 2048, 2048, 2048, 2048, 2048]",310.0,True
NOR,1290,11334,1,43,2026-07-19T14:25:20.979000+00:00,31.031,49.017,29.129,315.0,206,False,109.177,"[None, 2048, 2049, 2049, 2048, 2048, 2048, 2048]","[2048, 2048, 2048, 2048, 2048, 2048, 2048, 2048, 2048, 2048, 2048, 2048]","[2048, 2049, 2048, 2048, 2048, 2048, 2048, 2048]",309.0,True
NOR,1290,11334,1,44,2026-07-19T14:27:10.092000+00:00,30.922,49.362,28.606,318.0,204,False,108.89,"[None, 2048, 2049, 2049, 2048, 2048, 2048, 2048]","[2048, 2048, 2048, 2048, 2048, 2048, 2048, 2048, 2048, 2048, 2048, 2048]","[2048, 2048, 2048, 2049, 2049, 2049, 2048, 2048]",308.0,True
VER,1290,11334,3,1,2026-07-19T13:03:52.073000+00:00,34.345,51.029,40.391,299.0,194,False,125.765,"[2048, 2049, 2051, 2051, 2049, 2049, 2049, 2049]","[2049, 2049, 2049, 2049, 2049, 2049, 2049, 2051, 2051, 2049, 2049, 2049]","[2049, 2049, 2049, 2049, 2049, 2049, 2049, 2049]",288.0,False
VER,1290,11334,3,2,2026-07-19T13:05:57.837000+00:00,45.495,78.753,42.436,185.0,67,False,166.684,"[2049, 2048, 2048, 2048, 2048, 2048, 2048, 2048]","[2048, 2048, 2048, 2048, 2048, 2048, 2048, 2048, 2048, 2048, 2048, 2048]","[2048, 2048, 2048, 2049, 2049, 2048, 2048, 2049]",240.0,False
VER,1290,11334,3,3,2026-07-19T13:08:44.448000+00:00,43.061,73.679,43.737,203.0,147,False,160.477,"[None, 2048, 2048, 2048, 2048, 2048, 2048, 2048]","[2048, 2048, 2048, 2048, 2048, 2048, 2048, 2048, 2048, 2048, 2048, 2048]","[2048, 2048, 2048, 2048, 2049, 2048, 2049, 2048]",,False
VER,1290,11334,3,4,2026-07-19T13:11:25.069000+00:00,41.711,72.078,49.115,247.0,142,False,162.904,"[None, 2048, 2048, 2048, 2048, 2048, 2048, 2048]","[2048, 2048, 2048, 2048, 2048, 2048, 2048, 2048, 2048, 2048, 2048, 2048]","[2048, 2048, 2048, 2049, 2049, 2049, 2049]",269.0,False
VER,1290,11334,3,5,2026-07-19T13:14:07.893000+00:00,31.396,50.173,29.732,317.0,200,False,111.301,"[None, 2049, 2048, 2048, 2048, 2049, 2049, 2049]","[2049, 2049, 2049, 2049, 2049, 2048, 2048, 2048, 2048, 2049, 2049, 2049]","[2049, 2049, 2049, 2049, 2049, 2049, 2049, 2049]",288.0,True
VER,1290,11334,3,6,2026-07-19T13:15:59.298000+00:00,31.078,49.712,29.797,320.0,198,False,110.587,"[None, 2049, 2048, 2049, 2049, 2049, 2049, 2049]","[2051, 2048, 2049, 2049, 2049, 2049, 2049, 2048, 2048, 2049, 2048, 2049]","[2049, 2048, 2048, 2048, 2048, 2049, 2048, 2048]",293.0,True
VER,1290,11334,3,7,2026-07-19T13:17:49.689000+00:00,31.476,49.951,29.701,315.0,194,False,111.128,"[2048, 2049, 2048, 2048, 2048, 2048, 2048, 2048]","[2048, 2049, 2048, 2048, 2048, 2048, 2048, 2048, 2048, 2049, 2048, 2048]","[2049, 2049, 2049, 2048, 2048, 2049, 2048, 2048]",289.0,True
VER,1290,11334,3,8,2026-07-19T13:19:40.964000+00:00,31.569,49.831,29.633,314.0,197,False,111.033,"[None, 2048, 2048, 2048, 2048, 2048, 2048, 2048]","[2048, 2048, 2048, 2049, 2048, 2048, 2048, 2048, 2048, 2048, 2048, 2048]","[2049, 2048, 2048, 2048, 2048, 2048, 2048, 2048]",287.0,True
VER,1290,11334,3,9,2026-07-19T13:21:32.018000+00:00,31.626,49.729,29.692,313.0,195,False,111.047,"[None, 2048, 2048, 2048, 2048, 2048, 2048, 2048]","[2048, 2049, 2048, 2048, 2048, 2048, 2048, 2048, 2048, 2049, 2048, 2049]","[2048, 2048, 2048, 2048, 2048, 2048, 2048, 2048]",,True
VER,1290,11334,3,10,2026-07-19T13:23:22.997000+00:00,31.642,49.69,29.758,312.0,196,False,111.09,"[None, 2048, 2048, 2048, 2048, 2048, 2048, 2048]","[2048, 2048, 2048, 2049, 2048, 2048, 2048, 2048, 2048, 2049, 2048, 2048]","[2048, 2048, 2048, 2048, 2048, 2049, 2048, 2049]",286.0,True
VER,1290,11334,3,11,2026-07-19T13:25:14.067000+00:00,31.708,49.648,29.764,310.0,196,False,111.12,"[None, 2048, 2048, 2048, 2048, 2048, 2048, 2048]","[2048, 2048, 2049, 2048, 2048, 2048, 2048, 2048, 2048, 2051, 2048, 2048]","[2048, 2048, 2048, 2048, 2048, 2048, 2048, 2049]",287.0,True
VER,1290,11334,3,12,2026-07-19T13:27:05.230000+00:00,31.65,49.65,29.793,312.0,199,False,111.093,"[None, 2048, 2048, 2048, 2048, 2048, 2048, 2048]","[2048, 2048, 2049, 2049, 2048, 2048, 2048, 2049, 2048, 2048, 2048, 2048]","[2049, 2048, 2048, 2048, 2048, 2048, 2048, 2048]",,True
VER,1290,11334,3,13,2026-07-19T13:28:56.283000+00:00,31.63,49.722,29.808,311.0,202,False,111.16,"[None, 2048, 2048, 2048, 2048, 2048, 2048, 2048]","[2048, 2048, 2048, 2048, 2048, 2048, 2048, 2051, 2048, 2048, 2048, 2048]","[2048, 2048, 2048, 2048, 2048, 2048, 2048, 2048]",286.0,True
VER,1290,11334,3,14,2026-07-19T13:30:47.435000+00:00,31.62,49.641,29.881,,197,False,111.142,"[None, 2048, 2048, 2048, 2048, 2048, 2048, 2048]","[2048, 2048, 2049, 2048, 2048, 2048, 2048, 2051, 2048, 2048, 2048, 2048]","[2048, 2048, 2048, 2048, 2048, 2048, 2048, 2048]",287.0,True
VER,1290,11334,3,15,2026-07-19T13:32:38.614000+00:00,31.668,49.78,29.793,,198,False,111.241,"[None, 2048, 2048, 2048, 2048, 2048, 2048, 2048]","[2048, 2048, 2049, 2048, 2048, 2048, 2048, 2051, 2048, 2048, 2048, 2048]","[2048, 2048, 2048, 2048, 2048, 2048, 2048, 2048]",285.0,True
VER,1290,11334,3,16,2026-07-19T13:34:29.899000+00:00,31.692,49.855,29.771,,198,False,111.318,"[None, 2048, 2048, 2048, 2048, 2048, 2048, 2048]","[2048, 2048, 2048, 2048, 2048, 2048, 2048, 2048, 2048, 2048, 2048, 2048]","[2048, 2048, 2048, 2048, 2048, 2048, 2048, 2048]",287.0,True
VER,1290,11334,3,17,2026-07-19T13:36:21.122000+00:00,31.71,49.777,34.231,,197,False,115.718,"[None, 2048, 2048, 2048, 2048, 2048, 2048, 2048]","[2048, 2048, 2048, 2048, 2048, 2048, 2048, 2048, 2048, 2048, 2048, 2048]","[2048, 2048, 2048, 2048, 2048, 2048, 2064, 2064]",286.0,True
VER,1290,11334,3,18,2026-07-19T13:38:16.886000+00:00,46.038,61.121,29.937,307.0,202,True,137.096,"[2064, 2064, 2048, 2048, 2048, 2048, 2048, 2048]","[2048, 2051, 2049, 2048, 2048, 2048, 2048, 2048, 2048, 2048, 2048, 2048]","[2048, 2048, 2048, 2048, 2048, 2048, 2049, 2049]",284.0,False
VER,1290,11334,3,19,2026-07-19T13:40:33.973000+00:00,31.505,49.062,29.464,312.0,203,False,110.031,"[2048, 2051, 2048, 2048, 2048, 2048, 2048, 2048]","[2048, 2048, 2049, 2048, 2049, 2048, 2048, 2048, 2048, 2051, 2049, 2051]","[2048, 2048, 2048, 2048, 2048, 2048, 2048, 2049]",287.0,True
VER,1290,11334,3,20,2026-07-19T13:42:24.066000+00:00,31.309,57.599,40.405,313.0,149,False,129.313,"[2049, 2049, 2048, 2048, 2048, 2048, 2048, 2048]","[2051, 2048, 2049, 2049, 2048, 2049, 2048, 2048, 2048, 2048, 2048, 2048]","[2048, 2048, 2048, 2048, 2048, 2048, 2048, 2048]",289.0,False
VER,1290,11334,3,21,2026-07-19T13:44:33.364000+00:00,42.246,49.199,29.803,278.0,201,False,121.248,"[2048, 2048, 2048, 2048, 2048, 2048, 2048, 2048]","[2048, 2048, 2048, 2048, 2048, 2048, 2048, 2048, 2048, 2048, 2049, 2048]","[2048, 2048, 2048, 2048, 2048, 2049, 2048, 2048]",260.0,False
VER,1290,11334,3,22,2026-07-19T13:46:34.579000+00:00,31.332,48.925,29.469,313.0,202,False,109.726,"[2049, 2048, 2048, 2048, 2048, 2048, 2048, 2048]","[2048, 2048, 2049, 2049, 2048, 2048, 2048, 2048, 2048, 2048, 2048, 2048]","[2049, 2048, 2048, 2048, 2048, 2049, 2048, 2048]",289.0,True
VER,1290,11334,3,23,2026-07-19T13:48:24.342000+00:00,31.403,48.669,29.546,311.0,203,False,109.618,"[2048, 2048, 2048, 2048, 2048, 2048, 2048, 2048]","[2049, 2048, 2048, 2048, 2049, 2048, 2048, 2048, 2049, 2049, 2049, 2048]","[2048, 2048, 2048, 2048, 2048, 2048, 2048, 2048]",288.0,True
VER,1290,11334,3,24,2026-07-19T13:50:13.901000+00:00,31.376,48.756,29.498,312.0,202,False,109.63,"[2049, 2048, 2048, 2048, 2048, 2048, 2048, 2048]","[2048, 2048, 2048, 2049, 2048, 2049, 2049, 2048, 2049, 2049, 2048, 2048]","[2048, 2049, 2048, 2048, 2048, 2048, 2048, 2048]",,True
VER,1290,11334,3,25,2026-07-19T13:52:03.632000+00:00,31.373,48.959,29.469,311.0,202,False,109.801,"[2048, 2048, 2048, 2048, 2048, 2048, 2048, 2048]","[2048, 2048, 2048, 2048, 2048, 2048, 2048, 2048, 2049, 2048, 2048, 2048]","[2049, 2049, 2048, 2049, 2049, 2048, 2048, 2048]",291.0,True
VER,1290,11334,3,26,2026-07-19T13:53:53.309000+00:00,31.35,49.313,29.409,316.0,197,False,110.072,"[None, 2048, 2048, 2048, 2048, 2048, 2048, 2048]","[2051, 2048, 2048, 2048, 2048, 2049, 2048, 2048, 2048, 2048, 2048, 2048]","[2048, 2049, 2048, 2049, 2049, 2048, 2048, 2048]",289.0,True
VER,1290,11334,3,27,2026-07-19T13:55:43.419000+00:00,31.6,49.23,29.271,318.0,199,False,110.101,"[None, 2048, 2048, 2048, 2048, 2048, 2048, 2048]","[2048, 2048, 2048, 2048, 2048, 2048, 2049, 2048, 2048, 2048, 2048, 2048]","[2048, 2049, 2049, 2049, 2049, 2048, 2048, 2048]",288.0,True
VER,1290,11334,3,28,2026-07-19T13:57:33.532000+00:00,31.106,49.82,29.412,326.0,195,False,110.338,"[None, 2048, 2048, 2048, 2048, 2049, 2049, 2049]","[2048, 2048, 2048, 2048, 2048, 2048, 2049, 2049, 2048, 2048, 2048, 2048]","[2048, 2049, 2049, 2048, 2048, 2048, 2048, 2048]",292.0,True
VER,1290,11334,3,29,2026-07-19T13:59:23.947000+00:00,30.752,50.084,29.532,332.0,200,False,110.368,"[None, 2048, 2048, 2049, 2049, 2049, 2049, 2049]","[2048, 2048, 2048, 2048, 2048, 2048, 2048, 2048, 2048, 2048, 2048, 2048]","[2049, 2048, 2048, 2048, 2048, 2048, 2048]",299.0,True
VER,1290,11334,3,30,2026-07-19T14:01:14.114000+00:00,31.467,49.363,29.476,313.0,202,False,110.306,"[None, 2048, 2048, 2048, 2048, 2048, 2048, 2048]","[2048, 2048, 2048, 2048, 2048, 2048, 2048, 2048, 2048, 2048, 2048, 2048]","[2049, 2048, 2048, 2048, 2048, 2048, 2048, 2048]",289.0,True
VER,1290,11334,3,31,2026-07-19T14:03:04.583000+00:00,31.546,49.206,29.443,312.0,203,False,110.195,"[None, 2048, 2048, 2048, 2048, 2048, 2048, 2048]","[2048, 2048, 2048, 2048, 2048, 2048, 2049, 2048, 2048, 2048, 2048, 2048]","[2049, 2048, 2048, 2048, 2048, 2048, 2048, 2048]",288.0,True
VER,1290,11334,3,32,2026-07-19T14:04:54.794000+00:00,31.514,49.375,29.535,310.0,202,False,110.424,"[None, 2048, 2048, 2048, 2048, 2048, 2048, 2048]","[2048, 2048, 2048, 2048, 2048, 2048, 2048, 2048, 2048, 2048, 2048, 2048]","[2048, 2048, 2048, 2048, 2048, 2048, 2048, 2049]",290.0,True
VER,1290,11334,3,33,2026-07-19T14:06:45.140000+00:00,31.417,49.204,29.447,,205,False,110.068,"[None, 2048, 2048, 2048, 2048, 2048, 2048, 2048]","[2048, 2048, 2048, 2048, 2048, 2048, 2048, 2048, 2048, 2048, 2048, 2048]","[2049, 2048, 2048, 2048, 2048, 2048, 2048, 2048]",,True
VER,1290,11334,3,34,2026-07-19T14:08:35.201000+00:00,31.509,49.472,29.717,309.0,202,False,110.698,"[None, 2048, 2048, 2048, 2048, 2048, 2048, 2048]","[2048, 2048, 2048, 2048, 2048, 2048, 2048, 2048, 2049, 2048, 2048, 2048]","[2048, 2048, 2048, 2048, 2048, 2048, 2048, 2048]",294.0,True
VER,1290,11334,3,35,2026-07-19T14:10:25.923000+00:00,31.503,49.351,29.553,306.0,202,False,110.407,"[None, 2048, 2048, 2048, 2048, 2048, 2048, 2048]","[2048, 2048, 2048, 2048, 2048, 2048, 2048, 2048, 2048, 2048, 2048, 2048]","[2048, 2048, 2048, 2048, 2048, 2048, 2048, 2049]",292.0,True
VER,1290,11334,3,36,2026-07-19T14:12:16.405000+00:00,31.573,49.144,29.481,,203,False,110.198,"[None, 2048, 2048, 2048, 2048, 2048, 2048, 2048]","[2048, 2048, 2048, 2048, 2048, 2048, 2048, 2048, 2048, 2048, 2048, 2048]","[2048, 2048, 2048, 2048, 2048, 2048, 2048, 2048]",291.0,True
VER,1290,11334,3,37,2026-07-19T14:14:06.578000+00:00,31.627,49.054,29.411,,204,False,110.092,"[None, 2048, 2048, 2048, 2048, 2048, 2048, 2048]","[2048, 2048, 2048, 2048, 2048, 2048, 2048, 2048, 2048, 2048, 2048, 2048]","[2048, 2048, 2048, 2048, 2048, 2048, 2048, 2049]",289.0,True
VER,1290,11334,3,38,2026-07-19T14:15:56.671000+00:00,31.625,49.209,29.518,,204,False,110.352,"[None, 2048, 2048, 2048, 2048, 2048, 2048, 2048]","[2048, 2048, 2048, 2048, 2048, 2048, 2048, 2048, 2048, 2048, 2048, 2048]","[2048, 2048, 2048, 2048, 2048, 2048, 2048, 2049]",291.0,True
VER,1290,11334,3,39,2026-07-19T14:17:46.987000+00:00,31.424,49.13,29.733,307.0,208,False,110.287,"[None, 2048, 2048, 2048, 2048, 2048, 2048, 2048]","[2048, 2048, 2048, 2048, 2048, 2048, 2049, 2049, 2048, 2048, 2048, 2048]","[2049, 2049, 2048, 2048, 2048, 2048, 2048, 2049]",294.0,True
VER,1290,11334,3,40,2026-07-19T14:19:37.246000+00:00,31.263,49.021,29.369,308.0,206,False,109.653,"[None, 2048, 2048, 2049, 2049, 2048, 2048, 2048]","[2048, 2048, 2049, 2048, 2048, 2048, 2049, 2048, 2048, 2048, 2048, 2048]","[2048, 2048, 2048, 2048, 2048, 2048, 2048, 2048]",297.0,True
VER,1290,11334,3,41,2026-07-19T14:21:26.983000+00:00,31.313,49.114,29.496,309.0,207,False,109.923,"[None, 2048, 2048, 2048, 2049, 2048, 2048, 2048]","[2048, 2048, 2048, 2048, 2048, 2048, 2049, 2048, 2048, 2048, 2048, 2048]","[2049, 2049, 2048, 2048, 2048, 2048, 2048, 2048]",298.0,True
VER,1290,11334,3,42,2026-07-19T14:23:16.909000+00:00,31.178,49.175,29.507,,208,False,109.86,"[None, 2048, 2048, 2048, 2048, 2048, 2048, 2048]","[2048, 2048, 2049, 2048, 2048, 2048, 2048, 2048, 2048, 2048, 2048, 2048]","[2049, 2049, 2048, 2048, 2048, 2048, 2048, 2048]",296.0,True
VER,1290,11334,3,43,2026-07-19T14:25:06.787000+00:00,31.265,49.117,29.675,313.0,208,False,110.057,"[None, 2048, 2049, 2049, 2048, 2048, 2048, 2048]","[2048, 2048, 2048, 2048, 2048, 2048, 2048, 2048, 2048, 2048, 2048, 2048]","[2048, 2048, 2048, 2048, 2048, 2048, 2048, 2048]",297.0,True
VER,1290,11334,3,44,2026-07-19T14:26:56.772000+00:00,31.259,49.349,29.183,310.0,204,False,109.791,"[None, 2048, 2048, 2048, 2048, 2048, 2048, 2048]","[2048, 2048, 2048, 2048, 2048, 2048, 2048, 2048, 2048, 2048, 2048, 2048]","[2048, 2048, 2048, 2048, 2048, 2048, 2048, 2048]",295.0,True
